id,first_name,last_name,email,gender,ip_address
1,Byran,Davidescu,bdavidescu0@bluehost.com,Male,224.82.145.116
2,Nils,Shermore,nshermore1@discovery.com,Male,113.207.5.24
3,Karly,Yeend,kyeend2@craigslist.org,Female,133.109.35.246
4,Byran,Cockerton,bcockerton3@ovh.net,Male,179.69.164.123
5,Normie,Owthwaite,nowthwaite4@purevolume.com,Male,35.76.3.46
6,Reba,Roj,rroj5@symantec.com,Female,190.226.158.115
7,Gabriel,Attwoul,gattwoul6@instagram.com,Male,135.29.158.48
8,Durant,Kelwick,dkelwick7@delicious.com,Male,97.228.184.236
9,Bryana,Koles,bkoles8@ezinearticles.com,Female,25.254.175.54
10,Yettie,Spratley,yspratley9@theglobeandmail.com,Polygender,209.134.161.241
11,Ivy,Feld,ifelda@ftc.gov,Female,53.180.108.151
12,Dieter,Goss,dgossb@t.co,Male,242.200.202.213
13,Rodney,Blackden,rblackdenc@purevolume.com,Male,175.241.193.101
14,Florrie,O'Hdirscoll,fohdirscolld@omniture.com,Female,187.109.82.255
15,Nester,Biaggioli,nbiaggiolie@icq.com,Male,92.180.14.35
16,Ewan,Woodwind,ewoodwindf@issuu.com,Male,40.183.178.242
17,Elaine,Kimmince,ekimminceg@facebook.com,Female,15.252.176.231
18,Stephie,Prall,sprallh@symantec.com,Female,37.160.34.118
19,Janeen,Bohlens,jbohlensi@joomla.org,Female,26.20.164.130
20,Merrily,Slavin,mslavinj@wikimedia.org,Female,244.250.44.154
21,Libbi,Beniesh,lbenieshk@feedburner.com,Female,139.234.15.243
22,Gladys,Liddington,gliddingtonl@hostgator.com,Non-binary,221.188.119.234
23,Ara,Winterscale,awinterscalem@xinhuanet.com,Male,34.241.238.106
24,My,Casaro,mcasaron@ca.gov,Male,177.83.73.116
25,Salaidh,Fynan,sfynano@odnoklassniki.ru,Polygender,109.174.243.67
26,Agatha,Antonioni,aantonionip@chronoengine.com,Female,162.237.190.204
27,Jobey,Banghe,jbangheq@mit.edu,Female,87.93.160.57
28,Bearnard,Burger,bburgerr@nytimes.com,Male,163.7.240.46
29,Joannes,Lettley,jlettleys@liveinternet.ru,Female,133.207.200.79
30,Percy,Bakey,pbakeyt@seesaa.net,Male,202.174.231.206
31,Cissiee,McCorkindale,cmccorkindaleu@1688.com,Female,135.203.92.88
32,Celisse,Holtom,choltomv@noaa.gov,Female,178.51.205.124
33,Maryellen,Chrishop,mchrishopw@meetup.com,Female,213.244.19.3
34,Kitti,Woodfine,kwoodfinex@yelp.com,Female,134.195.211.3
35,Shay,Ranaghan,sranaghany@fotki.com,Female,65.194.238.180
36,Sena,Aingell,saingellz@google.com,Female,107.20.206.32
37,Trista,Cunio,tcunio10@discuz.net,Female,146.19.202.195
38,Jodie,Lacaze,jlacaze11@ow.ly,Agender,25.62.56.208
39,Brew,Trunks,btrunks12@earthlink.net,Male,61.50.66.53
40,Simone,Trueman,strueman13@delicious.com,Female,178.116.134.58
41,Jemmy,Broadbear,jbroadbear14@cdbaby.com,Female,27.15.10.143
42,Sandra,Daymond,sdaymond15@gov.uk,Female,163.11.250.177
43,Marci,Achurch,machurch16@sfgate.com,Female,223.211.46.37
44,Barret,Copes,bcopes17@facebook.com,Male,149.202.90.77
45,Vivyan,Greve,vgreve18@twitpic.com,Female,58.84.216.134
46,Harry,Aronstein,haronstein19@ycombinator.com,Male,27.175.75.82
47,Ardys,Brittlebank,abrittlebank1a@ow.ly,Female,240.44.231.175
48,Valentia,Killshaw,vkillshaw1b@about.me,Female,78.49.118.179
49,Beilul,Duplan,bduplan1c@rambler.ru,Female,117.7.82.105
50,Elwood,Craft,ecraft1d@nytimes.com,Male,155.143.251.200
51,Gram,Muckian,gmuckian1e@fema.gov,Male,164.211.254.30
52,Reade,Bayly,rbayly1f@state.tx.us,Male,116.186.158.2
53,Roderich,Henstridge,rhenstridge1g@cam.ac.uk,Male,188.24.145.120
54,Maxim,Wreath,mwreath1h@paginegialle.it,Male,243.107.203.195
55,Adelice,Skylett,askylett1i@twitpic.com,Female,7.156.145.71
56,Delia,Deesly,ddeesly1j@dyndns.org,Female,123.148.30.33
57,Thaddus,Slopier,tslopier1k@ifeng.com,Male,85.242.184.19
58,Tracie,Goodanew,tgoodanew1l@dailymail.co.uk,Female,103.12.16.57
59,Celka,Yurenin,cyurenin1m@amazonaws.com,Female,39.25.250.191
60,Saraann,Thibodeaux,sthibodeaux1n@webmd.com,Female,241.30.226.169
61,Udale,Ebhardt,uebhardt1o@wordpress.com,Male,129.78.159.24
62,Welsh,Domerq,wdomerq1p@cbsnews.com,Male,66.110.127.47
63,Karlee,Thomtson,kthomtson1q@buzzfeed.com,Female,192.184.28.64
64,Lucita,Faire,lfaire1r@virginia.edu,Female,144.119.141.146
65,Gaynor,Panons,gpanons1s@fema.gov,Female,104.48.124.227
66,Gabbi,Gerrels,ggerrels1t@about.com,Female,141.67.186.3
67,Anabel,Zannelli,azannelli1u@salon.com,Female,229.216.115.51
68,Aloin,Boncoeur,aboncoeur1v@rakuten.co.jp,Non-binary,79.204.40.140
69,Maure,Whittington,mwhittington1w@purevolume.com,Female,151.231.182.19
70,Minor,Titchen,mtitchen1x@skyrock.com,Male,252.196.138.147
71,Fred,Curston,fcurston1y@cyberchimps.com,Female,133.137.150.175
72,Clint,La Grange,clagrange1z@indiatimes.com,Male,98.211.3.78
73,Herve,Scrowson,hscrowson20@privacy.gov.au,Male,240.107.17.58
74,Waylan,Shiel,wshiel21@shareasale.com,Male,92.174.15.226
75,Rayna,Detoile,rdetoile22@dot.gov,Polygender,240.89.59.77
76,Warren,Bisley,wbisley23@indiegogo.com,Male,157.252.23.79
77,Caitrin,Hearons,chearons24@latimes.com,Female,117.221.123.93
78,Alisa,Lawn,alawn25@booking.com,Female,141.29.106.231
79,King,Vasilevich,kvasilevich26@addthis.com,Male,175.232.181.138
80,Travers,Mahoney,tmahoney27@reverbnation.com,Male,98.117.143.112
81,Bridie,De Cruz,bdecruz28@usnews.com,Female,158.41.100.92
82,Chris,Alphege,calphege29@hexun.com,Female,28.31.156.36
83,Beverlie,Crossan,bcrossan2a@networkadvertising.org,Female,154.242.203.42
84,Ellene,Cussen,ecussen2b@epa.gov,Female,191.20.53.223
85,Sheelagh,Jockle,sjockle2c@addtoany.com,Female,225.217.63.56
86,Park,Noods,pnoods2d@freewebs.com,Male,2.78.92.32
87,Nedda,Curnick,ncurnick2e@go.com,Female,219.187.45.134
88,Prentice,Villaron,pvillaron2f@nifty.com,Male,159.99.28.249
89,Godwin,Assad,gassad2g@shutterfly.com,Male,122.190.225.10
90,Kingsly,Sheeran,ksheeran2h@360.cn,Male,124.125.132.201
91,Ray,Ferraron,rferraron2i@huffingtonpost.com,Female,201.205.36.247
92,Teodora,Heinrici,theinrici2j@slideshare.net,Female,212.182.81.157
93,Siobhan,Beagley,sbeagley2k@businessinsider.com,Female,208.209.244.89
94,Oswell,Whapple,owhapple2l@tumblr.com,Male,23.76.82.77
95,Blair,Gollop,bgollop2m@phpbb.com,Female,179.209.12.232
96,Haily,Ager,hager2n@histats.com,Male,13.175.253.245
97,Herve,Gutcher,hgutcher2o@ibm.com,Male,224.161.4.96
98,Oralia,Sapena,osapena2p@engadget.com,Genderfluid,249.212.91.176
99,Erek,Hance,ehance2q@japanpost.jp,Male,65.209.151.232
100,Kermy,Gault,kgault2r@google.fr,Male,128.70.103.232
